{
  "indexes": [
    {
      "collectionGroup": "bookings",
      "queryScope": "COLLECTION",
      "fields": [
        { "fieldPath": "listingId", "order": "ASCENDING" },
        { "fieldPath": "status", "order": "ASCENDING" },
        { "fieldPath": "checkIn", "order": "ASCENDING" },
        { "fieldPath": "checkOut", "order": "ASCENDING" }
      ]
    },
    {
      "collectionGroup": "bookings",
      "queryScope": "COLLECTION",
      "fields": [
        { "fieldPath": "status", "order": "ASCENDING" },
        { "fieldPath": "expiresAt", "order": "ASCENDING" }
      ]
    },
    {
      "collectionGroup": "bookings",
      "queryScope": "COLLECTION",
      "fields": [
        { "fieldPath": "status", "order": "ASCENDING" },
        { "fieldPath": "checkOut", "order": "ASCENDING" }
      ]
    },
    {
      "collectionGroup": "bookings",
      "queryScope": "COLLECTION",
      "fields": [{ "fieldPath": "chargeId", "order": "ASCENDING" }]
    },
    {
      "collectionGroup": "bookings",
      "queryScope": "COLLECTION",
      "fields": [{ "fieldPath": "paymentIntentId", "order": "ASCENDING" }]
    },
    {
      "collectionGroup": "calendar_blocks",
      "queryScope": "COLLECTION",
      "fields": [{ "fieldPath": "endDate", "order": "ASCENDING" }]
    }
  ],
  "fieldOverrides": []
}
