{
  "cli": {
    "version": ">= 5.9.0"
  },
  "build": {
    "development": {
      "developmentClient": true,
      "distribution": "internal",
      "ios": {
        "resourceClass": "m-medium",
        "simulator": true
      },
      "android": {
        "buildType": "apk",
        "gradleCommand": ":app:assembleDebug"
      },
      "env": {
        "EXPO_PUBLIC_APP_ENV": "development"
      }
    },
    "staging": {
      "distribution": "internal",
      "ios": {
        "resourceClass": "m-medium"
      },
      "android": {
        "buildType": "apk"
      },
      "env": {
        "EXPO_PUBLIC_APP_ENV": "staging"
      },
      "channel": "staging"
    },
    "production": {
      "ios": {
        "resourceClass": "m-medium",
        "autoIncrement": "buildNumber"
      },
      "android": {
        "buildType": "app-bundle",
        "autoIncrement": "versionCode"
      },
      "env": {
        "EXPO_PUBLIC_APP_ENV": "production"
      },
      "channel": "production"
    }
  },
  "submit": {
    "production": {
      "ios": {
        "appleId": "your-apple-id@email.com",
        "ascAppId": "YOUR_ASC_APP_ID",
        "appleTeamId": "YOUR_APPLE_TEAM_ID"
      },
      "android": {
        "serviceAccountKeyPath": "./google-play-service-account.json",
        "track": "internal"
      }
    }
  }
}